{
    "accuracy": 0.7676348686218262,
    "loss": 0.7425596714019775
}