{
    "accuracy": 0.7603305578231812,
    "loss": 0.7121155858039856
}