{
    "accuracy": 0.7551867365837097,
    "loss": 0.8207293748855591
}