{
    "accuracy": 0.6859503984451294,
    "loss": 0.9358105063438416
}