{
    "accuracy": 0.7634854912757874,
    "loss": 0.6919330954551697
}