{
    "accuracy": 0.7593361139297485,
    "loss": 0.684746265411377
}