{
    "accuracy": 0.726141095161438,
    "loss": 0.7539677619934082
}