{
    "accuracy": 0.71074378490448,
    "loss": 0.8329150080680847
}