{
    "accuracy": 0.7178423404693604,
    "loss": 0.7605002522468567
}