{
    "accuracy": 0.702479362487793,
    "loss": 0.9588782787322998
}