{
    "accuracy": 0.7883817553520203,
    "loss": 0.5834401249885559
}