{
    "accuracy": 0.7925311326980591,
    "loss": 0.613823413848877
}