{
    "accuracy": 0.78925621509552,
    "loss": 0.6695334315299988
}